Date,Year,Country,Area,Sex ,Injury,Fatal
3/19/2017,2017,AUSTRALIA,New South Wales,M,Minor,N
3/9/2017,2017,BAHAMAS,Great Exuma,M,Abrasions & lacerations to left leg and hand,N
2/25/2017,2017,AUSTRALIA,Western Australia,F,Hand bitten,N
2/24/2017,2017,AUSTRALIA,Western Australia,M,"No injury, shark struck board",N
2/21/2017,2017,REUNION,Saint-Andre,M,Fatal,Y
2/17/2017,2017,AUSTRALIA,Queensland,M,Left leg severely bitten,N
2/11/2017,2017,USA,Florida,M,Injury to hand,N
2/6/2017,2017,BRAZIL,Pernambuco,F,"Minor injury to finger, PROVOKED INCIDENT",N
2/6/2017,2017,SOUTH AFRICA,KwaZulu-Natal,M,"Shark damaged kayak, no injury to occupant",N
2/1/2017,2017,USA,South Carolina,M,"Shark bit boat, no injury to occupants",N
2/1/2017,2017,BAHAMAS,Bimini,M,Lacerations to upper right arm,N
1/22/2017,2017,USA,Florida,M,Puncture wounds to lower arm or hand,N
1/21/2017,2017,AUSTRALIA,Queensland,M,"Multiple injuries to arm, wrist and torso",N
1/13/2017,2017,AUSTRALIA,Queensland,M,Injury to hand,N
1/13/2017,2017,USA,Florida,M,Minor injury to hand,N
1/9/2017,2017,INDONESIA,Bali,M,Injury to right wrist & forearm,N
1/8/2017,2017,AUSTRALIA,Queensland,M,"No attack, shark made a threat display",N
1/5/2017,2017,USA,Florida,M,Minor injuries to foot,N
1/3/2017,2017,AUSTRALIA,New South Wales,M,Minor injuries to foot & toes,N
12/27/2016,2016,USA,Florida,M,Lacerations to right forearm,N
12/24/2016,2016,AUSTRALIA,Western Australia,F,Buttock bitten,N
12/19/2016,2016,SOUTH AFRICA,Western Cape Province,M,"No injury, but ski severely damaged",N
12/14/2016,2016,AUSTRALIA,Western Australia,M,Punctures to left foot/ankle,N
12/11/2016,2016,USA,Florida,M,Cuts to right ankle & foot,N
12/10/2016,2016,England,Suffolk,M,"No injury, board bitten",N
12/6/2016,2016,AUSTRALIA,New South Wales,M,Lacerations to both hands while attempting to land a hooked shark PROVOKED INCIDENT,N
12/1/2016,2016,AUSTRALIA,New South Wales,M,Injuries to foot & arm,N
11/28/2016,2016,AUSTRALIA,Victoria,M,Laceration to right hand by hooked & gaffed shark. PROVOKED INCIDENT,N
11/14/2016,2016,USA,Hawaii,F,Injuries to right calf and thigh,N
10/30/2016,2016,USA,Florida,M,Lacerations to right foot and ankle,N
10/29/2016,2016,USA,Florida,M,Lacerations to right hand,N
10/24/2016,2016,AUSTRALIA,New South Wales,M,Lacerations to left thigh,N
10/21/2016,2016,USA,Hawaii,M,Left arm and leg injured,N
10/15/2016,2016,AUSTRALIA,Queensland,M,Torso nipped,N
10/14/2016,2016,USA,Hawaii,F,Injuries to left calf,N
10/13/2016,2016,MEXICO,,M,"Shark breached cage, no injury to diver",N
10/12/2016,2016,AUSTRALIA,New South Wales,M,Minor wound to lower right leg & surfboard bitten,N
10/10/2016,2016,USA,Oregon,M,Wounds to upper thigh and lower leg,N
10/2/2016,2016,USA,Florida,M,Cuts to dorsal surface of left foot,N
10/1/2016,2016,USA,Florida,M,Minor injuries,N
9/26/2016,2016,AUSTRALIA,New South Wales,M,4 deep lacerations to thigh,N
9/18/2016,2016,USA,Florida,M,Minor injury to thigh,N
9/18/2016,2016,USA,Florida,M,Lacerations to hands,N
9/18/2016,2016,USA,Florida,M,Lacerations to lower leg,N
9/17/2016,2016,USA,California,M,"No injury, board bitten",N
9/17/2016,2016,AUSTRALIA,Victoria,M,Struck by fin on chest & leg,N
9/16/2016,2016,AUSTRALIA,Victoria,M,No injury: Knocked off board by shark,N
9/15/2016,2016,AUSTRALIA,Western Australia,M,Shark rammed boat. No injury to occupant,N
9/11/2016,2016,USA,Florida,M,Minor injury to arm,N
9/7/2016,2016,USA,Hawaii,F,Severe lacerations to shoulder & forearm,N
9/6/2016,2016,NEW CALEDONIA,North Province,M,FATAL,Y
9/5/2016,2016,USA,South Carolina,F,Lacerations & punctures to lower right leg,N
9/5/2016,2016,AUSTRALIA,Western Australia,M,"No inury, board broken in half by shark",N
9/4/2016,2016,USA,Florida,M,Foot bitten,N
9/1/2016,2016,USA,California,M,Two toes broken & lacerated,N
9/1/2016,2016,MEXICO,,M,"No injury to divers, shark breached cage",N
8/29/2016,2016,USA,Florida,M,Lacerations to right foot,N
8/29/2016,2016,USA,Florida,M,Minor injury to ankle,N
8/27/2016,2016,REUNION,,M,"Right arm severed, ankle severely bitten ",N
8/25/2016,2016,USA,Florida,M,Minor injury to ankle,N
8/7/2016,2016,BAHAMAS,New Providence Island,M,Lacerations to left leg,N
8/6/2016,2016,USA,Hawaii,M,"No inury, shark & board collided",N
8/4/2016,2016,USA,Florida,M,Big toe bitten,N
7/29/2016,2016,SPAIN,Alicante Province,M,Lacerations to right hand,N
7/28/2016,2016,CHINA,Hong Kong,M,Lacerations to leg,N
7/28/2016,2016,AUSTRALIA,Western Australia,M,"No injury, shark nudged kayak repeatedly",N
7/27/2016,2016,USA,Florida,M,Laceration to left forearm PROVOKED INCIDENT,N
7/26/2016,2016,AUSTRALIA,New South Wales,M,"No injury. Leg rope severed, knocked off board by shark",N
7/24/2016,2016,JAPAN,Kochi Prefecture,M,Lacerations to left leg,N
7/23/2016,2016,AUSTRALIA,Tasmania,M,Calf bumped but no injury,N
7/23/2016,2016,BAHAMAS,Abaco Islands,M,Lacerations to face and right leg,N
7/20/2016,2016,AUSTRALIA,Queensland,M,Laceration to left calf from hooked shark PROVOKED INCIDENT,N
7/17/2016,2016,USA,Alabama,M,"No injury, shark bit trolling motor",N
7/16/2016,2016,USA,Florida,F,Minor injury to leg,N
7/16/2016,2016,USA,Florida,F,Minor injury to toes,N
7/15/2016,2016,USA,California,M,"No injury, board damaged",N
7/15/2016,2016,USA,South Carolina,M,Puncture wounds to foot,N
7/14/2016,2016,BAHAMAS,,M,Face bruised when partly blind shark collided with him,N
7/8/2016,2016,SPAIN,Canary Islands,F,"5 tiny puncture marks to lower leg, treated with hydrogen peroxide",N
7/8/2016,2016,USA,California,M,"No injury. Hull bitten, tooth fragment recovered",N
7/7/2016,2016,USA,Massachusetts,M,Fin of hooked shark injured fisherman's forearm. . PROVOKED INCIDENT,N
7/7/2016,2016,USA,California,M,"No injury. Hull bitten, tooth fragment recovered",N
7/6/2016,2016,USA,Florida,F,"Buttocks, thigh, left hand & wrist injured",N
7/4/2016,2016,AUSTRALIA,Queensland,M,Right thigh injured by hooked pregnant female shark PROVOKED INCIDENT,N
6/27/2016,2016,USA,South Carolina,M,Minor injury,N
6/25/2016,2016,USA,North Carolina,M,Foot injured,N
6/24/2016,2016,COLUMBIA,Isla Provedencia,M,Severe bite to right hand,N
6/23/2016,2016,SOUTH AFRICA,Western Cape Province,M,Injuries to left leg & right hand,N
6/21/2016,2016,USA,South Carolina,M,Lacerations and punctures to foot,N
6/21/2016,2016,USA,Florida,M,Injuries to right calf,N
6/15/2016,2016,USA,Hawaii,M,Single puncture wound to arm,N
6/15/2016,2016,AUSTRALIA,Western Australia,M,No injury but shark punctured his wetsuit after he prodded it with his spear PROVOKED INCIDENT,N
6/14/2016,2016,USA,Texas,F,Injury to lower leg,N
6/11/2016,2016,USA,North Carolina,M,Laceration to wrist,N
6/7/2016,2016,USA,South Carolina,M,"No injury, board damaged",N
6/5/2016,2016,USA,Florida,M,Leg bitten,N
6/5/2016,2016,AUSTRALIA,Western Australia,F,FATAL,Y
6/4/2016,2016,EGYPT,Suez,M,"Leg severely bitten, surgically amputated",N
6/2/2016,2016,AUSTRALIA,New South Wales,M,"No injury, but sharks repeatedly hit their fins and guns",N
6/2/2016,2016,NEW CALEDONIA,,M,Laceration to heel,N
5/31/2016,2016,AUSTRALIA,Western Australia,M,FATAL,Y
5/29/2016,2016,USA,California,F,Injuries to arm and shoulder,N
5/29/2016,2016,USA,Florida,M,Injury to posterior right leg,N
5/22/2016,2016,USA,Florida,F,Puncture wounds to thigh,N
5/21/2016,2016,USA,Florida,F,Lacerations and puncture wounds to foot and ankle,N
5/21/2016,2016,USA,Florida,F,"Back, arm & hand injured",N
5/18/2016,2016,USA,Florida,M,Ankle bitten,N
5/15/2016,2016,USA,Florida,F,Arm grabbed PROVOKED INCIDENT,N
5/3/2016,2016,USA,Hawaii,M,Minor lacerations to right shoulder,N
5/2/2016,2016,NEW ZEALAND,North Island,M,Foot bitten by landed shark PROVOKED INCIDENT,N
4/25/2016,2016,INDONESIA,Bali,M,Elbow bitten,N
4/23/2016,2016,USA,Florida,M,Minor injury to left foot,N
4/22/2016,2016,SOUTH AFRICA,Western Cape Province,M,"No injury, surf-ski bitten",N
4/19/2016,2016,AUSTRALIA,New South Wales,M,Minor puncture wound to foot,N
4/18/2016,2016,FRENCH POLYNESIA,Tuamotos,M,"Severe lacerations to right forearm, hand and calf from speared shark PROVOKED INCIDENT",N
4/13/2016,2016,USA,Florida,M,Multiple bites to right arm,N
4/9/2016,2016,NEW CALEDONIA,Grand Terre,F,FATAL,Y
4/8/2016,2016,CAPE VERDE,Boa Vista Island,M,"""Serious""",N
4/7/2016,2016,USA,Florida,M,Left hand bitten,N
4/7/2016,2016,USA,Florida,M,Fell off board when spinner shark leapt from the water next to him. No injury to surfer,N
3/31/2016,2016,USA,Hawaii,F,Minor injury to left foot,N
3/30/2016,2016,AUSTRALIA,New South Wales,M,Severe injury to thigh,N
3/28/2016,2016,USA,Florida,M,Minor injury to arm. Possibly caused by smalll nurse shark,N
3/28/2016,2016,AUSTRALIA,New South Wales,M,"No injury, board dented",N
3/26/2016,2016,BAHAMAS,,M,Minor injury to chest PROVOKED INCIDENT,N
3/13/2016,2016,USA,California,M,Board reportedly bumped by shark. No injury,N
3/11/2016,2016,USA,Florida,M,Lacerations to right foot and ankle,N
3/10/2016,2016,Fiji,Vanua Levu,M,FATAL,Y
3/4/2016,2016,USA,Florida,M,Superficial injury to foot,N
3/3/2016,2016,AUSTRALIA,South Australia,M,Puncture wounds to right calf,N
3/2/2016,2016,BRAZIL,Santa Catarina State,M,Minor injury to head,N
2/22/2016,2016,NEW CALEDONIA,South Province,M,Puncture wounds to right thigh,N
2/19/2016,2016,NEW CALEDONIA,South Province,M,Forearm bitten,N
2/12/2016,2016,DOMINICAN REPUBLIC,Altagracia Province,F,Avulsion injury to lower leg,N
2/10/2016,2016,CAYMAN ISLANDS,Grand Cayman,M,Minor injury to wrist from Southern stingray,N
2/10/2016,2016,AUSTRALIA,Tasmania,M,"No injury, knocked off board",N
2/5/2016,2016,AUSTRALIA,Queensland,F,Foot nipped,N
2/4/2016,2016,AUSTRALIA,New South Wales,M,"No injury, shark bit board",N
1/29/2016,2016,SOUTH AFRICA,KwaZulu-Natal,M,"No injury, shark capsized kayak",N
1/28/2016,2016,USA,Hawaii,M,Lacerations to both hands,N
1/25/2016,2016,USA,Hawaii,F,No injury,N
1/24/2016,2016,USA,Texas,M,"Bruised ribs & tail bone, speargun broken and wetsuit cut",N
1/24/2016,2016,UNITED ARAB EMIRATES,Fujairah Emirate,M,"No injury to occupants, shark leapt into boat",N
1/23/2016,2016,USA,Hawaii,M,No injury,N
1/11/2016,2016,AUSTRALIA,Queensland,M,Laceration to right foot,N
1/5/2016,2016,AUSTRALIA,Queensland,M,Laceration to right calf,N
1/2/2016,2016,AUSTRALIA,Queensland,M,Lacerations to arms & leg,N
12/26/2015,2015,SOUTH AFRICA,KwaZulu-Natal,M,"No injury, kayak damaged",N
12/25/2015,2015,SPAIN,Grand Canary Island,F,Lacerations to left forearm,N
12/22/2015,2015,USA,Hawaii,M,"No injury, shark bit board",N
12/21/2015,2015,AUSTRALIA,New South Wales,M,"No injury, shark leapt on surfboard",N
12/21/2015,2015,BRAZIL,Pernambuco,M,Right hand & part of forearm removed,N
12/19/2015,2015,ARUBA,,M,FATAL,Y
12/13/2015,2015,AUSTRALIA,New South Wales,,"No injury, shark rammed boat & bit motor",N
12/11/2015,2015,BAHAMAS,,M,"Bitten on thigh, abdomen & hand",N
12/8/2015,2015,SOUTH AFRICA,Eastern Cape Province,F,Lacerations to both hands and forearms,N
11/20/2015,2015,ECUADOR,Galapagos Islands,M,Lacerations to left calf,N
11/15/2015,2015,USA,Florida,F,Leg injured,N
11/15/2015,2015,USA,Florida,M,Lacerations to hand,N
11/10/2015,2015,AUSTRALIA,New South Wales,M,Injury to left thigh,N
11/7/2015,2015,USA,Florida,F,Lower left leg injured,N
11/3/2015,2015,USA,Hawaii,M,Laceration to right ankle,N
11/1/2015,2015,USA,Florida,F,Injury to right ankle/calf & hand,N
11/1/2015,2015,MOZAMBIQUE,Inhambane Province,M,"Arms severely injured, surgically amputated",N
10/30/2015,2015,AUSTRALIA,Western Australia,M,Minor injury,N
10/28/2015,2015,USA,Hawaii,M,"Lacerations & puncture wounds to right thigh, calf & ankle",N
10/25/2015,2015,SOUTH AFRICA,Western Cape Province,M,"Lacerations to right calf, knee & hip",N
10/21/2015,2015,USA,Florida,M,Lacerations to left hand,N
10/19/2015,2015,USA,Florida,M,Left foot bitten,N
10/17/2015,2015,MOZAMBIQUE,Inhambane Province,F,FATAL,Y
10/17/2015,2015,USA,Hawaii,M,Left foot bitten by eel,N
10/17/2015,2015,USA,Hawaii,M,Injuries to lower legs,N
10/13/2015,2015,USA,California,M,"No injury, shark rammed kayak repeatedly",N
10/9/2015,2015,USA,South Carolina,F,Laceration to forearm,N
10/9/2015,2015,USA,Hawaii,M,"Left leg severed below the knee, defense injuries to left hand",N
10/8/2015,2015,MOZAMBIQUE,Inhambane Province,M,"Arm severely injured, surgically amputated",N
10/7/2015,2015,AUSTRALIA,Western Australia,M,Foot injured,N
10/5/2015,2015,USA,Florida,M,2 lacerations to ankle,N
10/5/2015,2015,USA,Texas,M,Foot & hands bitten,N
10/4/2015,2015,USA,Florida,M,Severe lacerations to left hand,N
9/29/2015,2015,USA,Florida,M,"Laceration to heel, puncture wounds to dorsum of foot",N
9/26/2015,2015,AUSTRALIA,Queensland,F,Laceration to leg,N
9/24/2015,2015,USA,California,M,"No injury, kayak damaged",N
9/20/2015,2015,USA,Florida,M,Minor injury to left ankle,N
9/20/2015,2015,USA,Hawaii,M,Severe laceration to left leg,N
9/20/2015,2015,USA,Florida,M,Significant injuries to leg,N
9/20/2015,2015,USA,Florida,M,Injury to right hand / wrist,N
9/18/2015,2015,USA,Florida,M,Lacerations to calf,N
9/17/2015,2015,USA,Florida,M,Injury to right foot,N
9/8/2015,2015,AUSTRALIA,New South Wales,M,Minor laceration to hand,N
9/6/2015,2015,USA,California,F,"No injury, shark struck board, tossing her into the sea",N
9/5/2015,2015,USA,California,M,Laceration to dorsum of foot by hooked shark  PROVOKED INCIDENT,N
9/4/2015,2015,AUSTRALIA,New South Wales,M,Inuries to lower left leg & ankle,N
9/3/2015,2015,USA,South Carolina,M,Right foot bitten,N
9/1/2015,2015,THAILAND,Phuket,F,Left foot & ankle bitten,N
9/1/2015,2015,FIJI,,M,Leg bitten,N
8/29/2015,2015,USA,California,F,"No injury, surfboard bitten",N
8/29/2015,2015,USA,California,M,"No injury, shark struk sufer's leg and his board",N
8/22/2015,2015,USA,Florida,M,Wound to right lower leg,N
8/22/2015,2015,AUSTRALIA,New South Wales,M,Severe laceration to left buttock & thigh,N
8/20/2015,2015,USA,South Carolina,M,"Injuries to left calf, arm and hand",N
8/19/2015,2015,USA,Florida,F,Lacerations to right leg,N
8/18/2015,2015,USA,California,M,"No injury, kayak bitten",N
8/18/2015,2015,SPAIN,Alicante,M,Minor injury when he attempted to touch a fish. ,N
8/10/2015,2015,USA,California,M,Right hand bitten  PROVOKED INCIDENT,N
7/31/2015,2015,AUSTRALIA,New South Wales,M,"Lacerations and puncture wounds to hip, thigh, arm and hand",N
7/27/2015,2015,AUSTRALIA,Victoria,M,Injury to hand,N
7/26/2015,2015,USA,Florida,M,Minor injury to sole of foot,N
7/26/2015,2015,USA,South Carolina,F,"2' cut to dorsum of foot, 2 puncture wounds to sole",N
7/25/2015,2015,AUSTRALIA,Tasmania,M,FATAL,Y
7/23/2015,2015,USA,California,M,No injury to occupant. Kayak bitten by gaffed shark. PROVOKED INCIDENT,N
7/23/2015,2015,AUSTRALIA,Victoria,M,Left hand bitten,N
7/22/2015,2015,REUNION,,M,Arm bitten,N
7/19/2015,2015,SOUTH AFRICA,Eastern Cape Province,M,No injury,N
7/10/2015,2015,USA,California,M,"No injury, shark bumped & damaged board",N
7/8/2015,2015,USA,California,M,Laceration to back,N
7/6/2015,2015,FRENCH POLYNESIA,Bora Bora,M,Parallel lacerations to torso inconsistent with shark bite,N
7/4/2015,2015,BAHAMAS,Grand Bahama Island,F,Lacerations to lower leg & ankle,N
7/4/2015,2015,USA,North Carolina,M,Lacerations to right hand & forearm,N
7/3/2015,2015,AUSTRALIA,New South Wales,M,"No injury, shark bit surfboard",N
7/2/2015,2015,AUSTRALIA,New South Wales,M,Significant injuries to lower legs,N
7/1/2015,2015,USA,North Carolina,M,"Injuries to torso, hip, lower leg & hands",N
6/30/2015,2015,AUSTRALIA,New South Wales,M,Hand bitten,N
6/30/2015,2015,USA,South Carolina,M,Shallow lacerations & puncture to lateral left leg,N
6/27/2015,2015,USA,North Carolina,M,"Injuries to right calf, buttock and both hands",N
6/27/2015,2015,SOUTH AFRICA,Western Cape Province,M,"Right leg severed, multiple lacerations to left leg",N
6/26/2015,2015,USA,Florida,F,Minor lacerations to leg,N
6/26/2015,2015,SOUTH AFRICA,Western Cape Province,M,Multiple lacerations to torso & leg,N
6/26/2015,2015,USA,South Carolina,M,Puncture wounds to foot,N
6/25/2015,2015,AUSTRALIA,Western Australia,M,Minor lacerations to forearm when he grabbed shark by its tail     PROVOKED INCIDENT,N
6/25/2015,2015,USA,North Carolina,M,Multiple lacerations to back,N
6/24/2015,2015,USA,North Carolina,M,Minor injury to foot,N
6/24/2015,2015,AUSTRALIA,Western Australia,F,"Bruises and abrasions to face, chin, chest, both shins & feet and cut to right hand when her surfboard was struck with force",N
6/23/2015,2015,USA,South Carolina,M,Minor injury to calf ,N
6/19/2015,2015,PUERTO RICO,,M,Injury to hand,N
6/17/2015,2015,USA,Florida,M,Minor injury to calf ,N
6/14/2015,2015,USA,North Carolina,M,Arm amputated below shoulder,N
6/14/2015,2015,USA,North Carolina,F,Left arm amputated at elbow & severe injury to leg,N
6/13/2015,2015,USA,California,F,Severe laceration to leg,N
6/11/2015,2015,USA,North Carolina,F,Minor lacerations to foot,N
6/7/2015,2015,USA,Florida,M,Lacerations to right calf,N
6/5/2015,2015,USA,Florida,F,Puncture wound to finger,N
6/1/2015,2015,REUNION,Le Port,M,Left forearm bitten,N
5/29/2015,2015,USA,Florida,F,Left foot bitten,N
5/29/2015,2015,USA,Florida,F,Minor lacerations to dorsum of right foot,N
5/25/2015,2015,FRENCH POLYNESIA,Rangiroa,M,Lacerations to right forearm,N
5/24/2015,2015,USA,Florida,F,"Puncture wounds to lower left leg and ankle, shallow lacerations to foot, deep laceration to Achilles tendon",N
5/20/2015,2015,USA,Florida,M,2 puncture wounds to  dorsum of left foot,N
5/15/2015,2015,USA,South Carolina,M,Laceration to foot ,N
5/9/2015,2015,NEW CALEDONIA,,M,FATAL,Y
5/7/2015,2015,USA,Florida,M,"Lacerations to lower left leg, ankle & foot",N
5/3/2015,2015,AUSTRALIA,New South Wales,M,Injuries to left arm & right hand,N
5/2/2015,2015,SOUTH AFRICA,Eastern Cape Province,M,"Injuries to leg, left arm & both hands",N
4/29/2015,2015,USA,Hawaii,F,FATAL,Y
4/26/2015,2015,USA,Florida,M,Lacerations to left calf,N
4/25/2015,2015,AUSTRALIA,South Australia,M,Leg severed at mid-thigh,N
6/24/2015,2015,AUSTRALIA,New South Wales,M,"No injury, knocked off ski",N
4/13/2015,2015,USA,Florida,M,Lacerations to shoulder and left bicep,N
4/12/2015,2015,REUNION,Saint-Gilles-les-Bains,M,FATAL,Y
4/3/2015,2015,USA,Florida,M,Injuries to head & torso,N
4/11/2015,2015,AUSTRALIA,New South Wales,M,Ankle injured,N
3/29/2015,2015,ITALY,Sardinia,M,"FATAL, but shark involvement prior to death unconfirmed",Y
3/31/2015,2015,BRAZIL,Pernambuco,M,Injury to left thigh from unidentified species of fish; injuries inconsistent with shark bite,N
3/26/2015,2015,SOUTH AFRICA,Eastern Cape Province,M,No injury but kayak bitten,N
3/21/2015,2015,EGYPT,,M,FATAL,Y
3/18/2015,2015,USA,Hawaii,M,Lacerations to left forearm. Lacerations to left hand and thigh,N
3/16/2015,2015,FRENCH POLYNESIA,Bora Bora,M,Hand bitten,N
3/11/2015,2015,AUSTRALIA,New South Wales,M,Bruised in falling overboard as shark bumped boat,N
3/10/2015,2015,MEXICO,Sinaloa,M,Right hand bitten by hooked shark PROVOKED INCIDENT,N
3/7/2015,2015,FRENCH POLYNESIA,Central Tuamotu,M,Thigh bitten,N
2/15/2015,2015,ATLANTIC OCEAN,,M,"No injury, shark bit rudder",N
2/14/2015,2015,REUNION,d’Étang-Salé,F,FATAL,Y
2/9/2015,2015,AUSTRALIA,New South Wales,M,FATAL,Y
2/8/2015,2015,AUSTRALIA,New South Wales,M,Laceration & puncture wounds to right flank & hip,N
2/5/2015,2015,AUSTRALIA,New South Wales,M,5 minor puncture wounds to lower left leg,N
1/30/2015,2015,AUSTRALIA,Queensland,M,"No injury, shark's teeth scratched hull",N
1/27/2015,2015,USA,Hawaii,M,Lacerations to calf by hooked shark PROVOKED INCIDENT,N
1/24/2015,2015,AUSTRALIA,New South Wales,M,"No injury, surfboard dented",N
1/23/2015,2015,SOUTH AFRICA,Eastern Cape Province,M,Foot bitten,N
1/19/2015,2015,USA,Florida,M,No injury but shark bit trolling motor & rammed boat,N
1/19/2015,2015,AUSTRALIA,New South Wales,F,Board snapped in two,N
1/17/2015,2015,AUSTRALIA,New South Wales,M,"Shark bumped boat, no injury to occupants",N
1/16/2015,2015,AUSTRALIA,New South Wales,M,Bitten on hand & wrist,N
1/8/2015,2015,USA,Florida,M,"During his 16-hour swim to shore, he was circled by a shark but it did not injure him",N
1/6/2015,2015,BAHAMAS,Abaco Islands,F,Severe bite to right flank,N
1/3/2015,2015,SOUTH AFRICA,Eastern Cape Province,M,"Lacerations to lower left leg, puncture wounds to sole of left foot",N
1/1/2015,2015,USA,Florida,M,Leg bitten,N
12/29/2014,2014,AUSTRALIA,New South Wales,M,Lacerations to both feet,N
12/29/2014,2014,AUSTRALIA,Western Australia,M,FATAL,Y
12/28/2014,2014,GREECE,,F,"Of 9 bodies recovered, one was bitten by a shark",N
12/28/2014,2014,SOUTH AFRICA,KwaZulu-Natal,M,Minor cuts on feet,N
12/28/2014,2014,USA,California,M,Injury to hip/leg,N
12/28/2014,2014,AUSTRALIA,Victoria,M,Laceration to calf when he fell on shark he had caught PROVOKED INCIDENT,N
12/23/2014,2014,JAPAN,,M,"No injury, shark snagged its teeth in diver's suit",N
12/15/2014,2014,AUSTRALIA,Queensland,M,FATAL,Y
12/3/2014,2014,SPAIN,Granada,M,Glancing bite to wrist from netted shark PROVOKED INCIDENT,N
11/29/2014,2014,AUSTRALIA,Western Australia,M,Minor injuries to right leg,N
11/20/2014,2014,MAURITIUS,Cargados Carajos Shoals (St. Brandon),M,"FATAL, arm bitten by shark hauled on deck             PROVOKED INCIDENT",Y
11/19/2014,2014,AUSTRALIA,Western Australia,M,"Shark chasing fish bumped boat, no injury to occupants",N
11/17/2014,2014,USA,California,M,"Shark bumped boat, no injury to occupants",N
11/16/2014,2014,USA,Florida,M,Laceration to left hand,N
11/13/2014,2014,USA,Hawaii,M,Laceration to left upper leg,N
11/10/2014,2014,AUSTRALIA,New South Wales,M,Minor injury to lower leg and foot,N
11/8/2014,2014,USA,Florida,M,Minor injuries to hand & arm ,N
10/31/2014,2014,USA,Hawaii,F,Lacerations to fingers,N
10/29/2014,2014,AUSTRALIA,New South Wales,M,Laceration to dorsum of left foot when he stepped on the shark     PROVOKED INCIDENT,N
10/22/2014,2014,USA,Hawaii,F,"No injury, paddleboard bitten",N
10/20/2014,2014,USA,Hawaii,M,"No injury, paddleboard bitten",N
10/19/2014,2014,USA,California,F,"No injury to occupant, canoe bitten",N
10/18/2014,2014,USA,Hawaii,M,"No injury, surfboard bitten",N
10/17/2014,2014,AUSTRALIA,New South Wales,F,"Lacerations to left calf & ankle, puncture wounds to left foot",N
10/14/2014,2014,USA,South Carolina,F,Lacerations to left foot,N
10/12/2014,2014,USA,Florida,F,Laceration to right hand/wrist,N
10/11/2014,2014,AUSTRALIA,Western Australia,M,"Kayak deflated, no injury to occupants",N
10/5/2014,2014,USA,Florida,M,Foot bitten,N
10/7/2014,2014,USA,Florida,F,Thigh bitten,N
10/5/2014,2014,USA,Florida,M,Foot bitten,N
10/3/2014,2014,USA,California,M,"No injury to occupant, shark/s holded  kayak",N
10/3/2014,2014,USA,California,M,"No injury to occupant, shark/s holded  kayak",N
10/2/2014,2014,USA,California,M,Lacerations to knee,N
10/2/2014,2014,AUSTRALIA,Western Australia,M,"Left arm & right hand severed, lacerations to both legs",N
9/21/2014,2014,USA,Florida,M,Minor injury to left foot,N
9/12/2014,2014,FRENCH POLYNESIA,Moorea,F,Thumb & finger nipped,N
9/13/2014,2014,USA,California,M,"A hoax, no shark involvement",N
9/9/2014,2014,AUSTRALIA,New South Wales,M,FATAL,Y
9/6/2014,2014,USA,Alabama,M,Leg bitten,N
9/3/2014,2014,USA,Massachusetts,F,"No injury, shark bit kayak",N
9/2/2014,2014,USA,Florida,M,Bitten twice on the leg by a shark he was attempting to free from his line PROVOKED INCIDENT,N
9/1/2014,2014,SPAIN,Catalonia,M,Lacerations to right hand,N
8/31/2014,2014,USA,Florida,F,Injury to left calf,N
8/29/2014,2014,USA,Florida,M,Lacerations to shin,N
8/29/2014,2014,USA,Florida,M,Shark involvement not confirmed,N
8/28/2014,2014,USA,Maryland,M,Lacerations to foot by hooked shark PROVOKED INCIDENT,N
8/27/2014,2014,SPAIN,Alicante,F,Minor lacerations to posterior lower leg,N
8/27/2014,2014,USA,North Carolina,M,Laceration to left hand,N
8/27/2014,2014,USA,South Carolina,F,Heel bitten,N
8/25/2014,2014,USA,Florida,M,Lacerations to forearm from hooked shark PROVOKED INCIDENT,N
8/24/2014,2014,USA,North Carolina,M,Laceration to left foot,N
8/16/2014,2014,AUSTRALIA,Western Australia,M,Lacerations to face and neck,N
8/12/2014,2014,USA,Florida,M,Puncture wounds and lacerations to left thigh and knee,N
8/10/2014,2014,USA,Florida,M,Puncture wounds & lacerations to foot,N
8/9/2014,2014,BAHAMAS,,M,Puncture wounds to right foot and ankle,N
8/9/2014,2014,USA,Florida,F,Puncture wounds to right foot & ankle,N
8/8/2014,2014,USA,Louisiana,M,Minor lacerations to left heel and big toe,N
8/6/2014,2014,USA,South Carolina,M,Lacerations to right leg & foot,N
8/5/2014,2014,USA,Florida,F,Lacerations to  foot,N
8/2/2014,2014,USA,Florida,M,Foot bitten,N
8/2/2014,2014,USA,Florida,M,Laceration to ankle,N
8/1/2014,2014,SOUTH AFRICA,Western Cape Province,M,Lower limbs & thigh bitten,N
8/1/2014,2014,,,M,Shark involvement prior to death not confirmed,Y
7/27/2014,2014,USA,North Carolina,M,Left foot bitten,N
7/22/2014,2014,REUNION,Saint-Leu,M,Lacerations to right wrist & calf,N
7/21/2014,2014,USA,Florida,M,Lacerations to right knee,N
7/20/2014,2014,SPAIN,Canary Islands,F,Minor injury,N
7/16/2014,2014,USA,Hawaii,M,Lacerations to left foot,N
7/14/2014,2014,USA,Florida,M,Puncture wounds to foot,N
7/13/2014,2014,BAHAMAS,West End,M,"Missing after a dive, shark involvement considered probable, but not confirmed",Y
7/12/2014,2014,USA,North Carolina,M,Lacerations to hand and wrist,N
7/9/2014,2014,USA,Florida,M,Lacerations to foot,N
7/5/2014,2014,USA,California,M,PROVOKED INCIDENT Torso bitten by shark hooked by an angler,N
7/5/2014,2014,USA,California,M,"No injury, surboard bitten",N
7/3/2014,2014,USA,South Carolina,M,Right hand bitten,N
6/27/2014,2014,ST. MARTIN,,M,His boat was holed by a shark,N
6/25/2014,2014,BAHAMAS,Abaco Islands,M,No injury but shark took his pole spear,N
6/18/2014,2014,AUSTRALIA,South Australia,M,"No injury, surfboard 'attacked'",N
6/18/2014,2014,AUSTRALIA,South Australia,M,Lacerations to knee,N
6/17/2014,2014,AUSTRALIA,Western Australia,M,Lacerations to right hand by captive shark PROVOKED INCIDENT,N
6/9/2014,2014,BRAZIL,,M,Severe injury to arm,N
6/9/2014,2014,USA,Delaware,M,"Abrasion to right hand, lacerations to left forearm",N
6/9/2014,2014,AUSTRALIA,South Australia,M,Minor injury to torso,N
6/8/2014,2014,JAPAN,Atsumi peninsula,M,Left arm bitten,N
6/7/2014,2014,USA,Texas,F,Shallow lacerations & puncture wounds below shoulder,N
6/1/2014,2014,USA,Florida,F,Laceration to right lower leg,N
6/1/2014,2014,AUSTRALIA,New South Wales,M,Lacerations & puncture wounds to ankle and foot,N
6/1/2014,2014,USA,Palmyra Atoll,F,Laceration to left hand,N
5/24/2014,2014,AUSTRALIA,Queensland,F,Lacerations to legs,N
5/23/2014,2014,FRANCE,Wallis and Futuna,M,Lacerations to left thigh and hip,N
5/22/2014,2014,AUSTRALIA,New South Wales,M,Cut to tip of finger by a captive shark PROVOKED INCIDENT,N
11/16/2015,2015,USA,Florida,M,Right heel injured,N
5/15/2014,2014,USA,Florida,F,Calf bitten,N
5/14/2014,2014,AUSTRALIA,South Australia,M,"No injury, but surfboard severely damaged",N
5/13/2014,2014,USA,Florida,F,Lacerations and puncture wounds to right foot,N
5/11/2014,2014,USA,Georgia,M,Puncture wounds to right thigh,N
5/10/2014,2014,USA,Florida,M,"No injury. No attack. 12' white shark appeared curious, not aggressive & departed when prodded by spear",N
5/6/2014,2014,USA,South Carolina,F,Lacerations to left foot,N
5/4/2014,2014,SOUTH AFRICA,Western Cape Province,M,4-inch laceration to arm,N
5/1/2014,2014,USA,Florida,M,Laceration to right hand and cuts on fingertips,N
4/24/2014,2014,AUSTRALIA,Western Australia,M,Minor injury,N
4/22/2014,2014,USA,Florida,M ,Laceration & puncture wounds to right foot,N
4/15/2014,2014,USA,Florida,M,Minor lacerations to left foot,N
4/12/2014,2014,SOUTH AFRICA,,M,"No injury to occupants, shark bit pontoon",N
4/12/2014,2014,SOUTH AFRICA,Eastern Cape Province,M,Lacerations to leg & hand by hooked shark PROVOKED INCIDENT,N
4/4/2014,2014,USA,Florida,M,Minor puncture wounds to lower left leg,N
4/4/2014,2014,USA,Florida,M,Lacerations to foot,N
4/3/2014,2014,AUSTRALIA,New South Wales,F,FATAL,Y
3/29/2014,2014,AUSTRALIA,Western Australia,M,Shark bites may have been post mortem,Y
3/22/2014,2014,SOUTH AFRICA,Eastern Cape Province,M,FATAL,Y
3/22/2014,2014,USA,Florida,M,Lacerations to left forearm,N
3/21/2014,2014,USA,Florida,M,Lacerations to toes and heel of right foot,N
3/18/2014,2014,NEW CALEDONIA,Baie de Sainte-Marie,M,Lacerations to calf,N
3/18/2014,2014,AUSTRALIA,Victoria,M,Shark leapt onto surfboard; surfer uninjured ,N
3/18/2014,2014,AUSTRALIA,New South Wales,F,"Injuries to wrist/hand by a mackerel, not a shark",N
3/12/2014,2014,AUSTRALIA,New South Wales,M,Minor lacerations to foot,N
3/13/2014,2014,CAYMAN ISLANDS,,M,"Caribbean reef shark buzzed him. No injury, no attack. ",N
3/2/2014,2014,USA,Florida,M,Lacerations to toes,N
2/20/2014,2014,FRENCH POLYNESIA,Society Islands,M,Lacerations to lower leg,N
2/17/2014,2014,PAPUA NEW GUINEA,,M,"No injury to occupants, hull bitten",N
2/8/2014,2014,AUSTRALIA,South Australia,M,FATAL,Y
2/7/2014,2014,TRINIDAD & TOBAGO,Trinidad,M,Possibly a PROVOKED INCIDENT,N
2/7/2014,2014,NEW ZEALAND,South Island,M,Lacerations to leg,N
1/26/2014,2014,AUSTRALIA,New South Wales,M,Lacerations to ring and pinky fingers of his left hand by hooked shark PROVOKED INCIDENT,N
1/25/2014,2014,NEW ZEALAND,South Island,M,Minor injury to left lower leg & heel,N
1/4/2014,2014,JAPAN,Okinawa Prefecture,M,5 cm bite to left foot,N
12/25/2013,2013,NEW CALEDONIA,North Province,M,Leg bitten,N
12/16/2013,2013,SOUTH AFRICA,Western Cape Province,M,Injuries to left thigh,N
12/13/2013,2013,KIRIBATI,740 miles SE of Tarawa Atoll,M,Severe injury to arm,N
12/11/2013,2013,USA,Hawaii,M,Lacerations to right hand & knee,N
12/10/2013,2013,USA,Florida,M,Right foot bitten,N
12/5/2013,2013,AUSTRALIA,New South Wales,M,"Puncture wounds to hand, laceration to leg",N
12/2/2013,2013,USA,Hawaii,M,FATAL,Y
11/30/2013,2013,AUSTRALIA,New South Wales,M,FATAL,Y
11/29/2013,2013,USA,Hawaii,F,Right calf bitten,N
11/23/2013,2013,AUSTRALIA,Western Australia,M,FATAL,Y
11/22/2013,2013,USA,Oregon,M,"No injury, board bitten",N
11/12/2013,2013,AUSTRALIA,Western Australia,M,"No injury, board bumped by shark",N
11/10/2013,2013,BAHAMAS,,M,Injuries to arm & leg by hooked shark   PROVOKED INCIDENT,N
11/7/2013,2013,USA,New Jersey,M,"No injury, swim fin bitten",N
11/7/2013,2013,USA,Florida,M,Foot bitten,N
10/31/2013,2013,USA,Hawaii,M,Severe bite to right calf & anklel,N
10/28/2013,2013,AUSTRALIA,Western Australia,F,Lacerations to right arm,N
10/26/2013,2013,REUNION,d’Étang-Salé,M,Right leg severed,N
10/26/2013,2013,AUSTRALIA,Western Australia,M,"No injury, swim fin shredded",N
10/24/2013,2013,AUSTRALIA,New South Wales,M,Injuries to right foot,N
10/23/2013,2013,USA,Hawaii,M,"3"" laceration to left hip",N
10/20/2013,2013,USA,Hawaii,M,"No injury, shark bit surfboard",N
10/19/2013,2013,USA,Florida,M,Bitten on left calf & foot,N
10/11/2013,2013,SOUTH AFRICA,Eastern Cape Province,M,FATAL,Y
10/8/2013,2013,AUSTRALIA,Western Australia,M,"Injuries to torso, head and face",N
10/6/2013,2013,USA,California,M,Laceration to thigh,N
10/10/2013,2013,USA,Florida,M,Lacerations to  right forearm,N
9/29/2013,2013,USA,Florida,M,Lacerations to hand,N
9/29/2013,2013,ISRAEL,Southern District,M,Hand bitten PROVOKED INCIDENT,N
9/25/2013,2013,USA,Florida,M,Laceration and puncture wounds to ankle,N
9/21/2013,2013,USA,Florida,M,Lacerations to right foot,N
9/21/2013,2013,USA,Florida,M,Lacerations to left foream,N
9/14/2013,2013,USA,Florida,M,Lacerations to right foot,N
9/12/2013,2013,USA,Florida,F,Heel bitten,N
9/8/2013,2013,USA,South Carolina,F,No details,N
9/7/2013,2013,USA,Florida,M,Foot bitten when he accidentally jumped onto the shark PROVOKED INCIDENT,N
9/7/2013,2013,USA,Florida,M,"Minor injury, shin bitten",N
9/2/2013,2013,USA,Florida,M,Shoulder bitten,N
9/1/2013,2013,USA,Florida,M,Arm bitten by captive shark PROVOKED INCIDENT,N
9/1/2013,2013,BAHAMAS,,M,Leg injured,N
9/1/2013,2013,USA,Florida,M,Lacerations to left calf,N
8/31/2013,2013,BAHAMAS,,M,Lower left leg bitten,N
8/31/2013,2013,USA,California,M,Foot bitten,N
8/29/2013,2013,USA,California,F,"Puncture wound to torso. Reported as a bite by a leopard shark, the tooth fragment appears to be that of a bony fish",N
8/26/2013,2013,FRANCE,Bay of Biscay,M,Laceration to right arm from hooked shark  PROVOKED INCIDENT,N
8/25/2013,2013,USA,Florida,F,Minor injury to left lower leg & heel,N
8/25/2013,2013,AUSTRALIA,New South Wales,M,Lacerations to left forearm,N
8/18/2013,2013,USA,Hawaii,M,Lacerations to buttocks & thigh,N
8/17/2013,2013,USA,California,F,"No injury, shark bumped surfboard",N
8/14/2013,2013,USA,Hawaii,F,FATAL,Y
8/13/2013,2013,USA,Hawaii,F,No injury & not on board. Board adrift when bitten by shark,N
8/11/2013,2013,USA,South Carolina,M,"No injury, shark became entangled in his surfboard leash",N
8/8/2013,2013,SOUTH AFRICA,,M,"Unknown, but survived",N
8/5/2013,2013,USA,Florida,M,Minor injury to foot & shin,N
7/31/2013,2013,USA,Hawaii,F,"Lacerations to hand, face and torso",N
7/30/2013,2013,USA,South Carolina,M,Foot bitten,N
7/28/2013,2013,BAHAMAS,Abaco Islands,M,Leg bitten,N
7/29/2013,2013,MEXICO,Quintana Roo,F,Hip bitten,N
7/29/2013,2013,USA,Hawaii,M,Lower leg bitten,N
7/28/2013,2013,BAHAMAS,Exuma Islands,M,Bitten on left hand,N
7/28/2013,2013,BAHAMAS,Abaco Islands,M,Bitten on rear lower extremities,N
7/22/2013,2013,BRAZIL,Pernambuco,F,FATAL,Y
7/19/2013,2013,USA,Alabama,F,Lacerations and abrasions to foot and ankle,N
7/17/2013,2013,USA,Florida,M,4 cuts to posterior calf,N
7/15/2013,2013,REUNION,Saint-Paul,F,FATAL,Y
7/14/2013,2013,DIEGO GARCIA,,M,FATAL,Y
7/11/2013,2013,USA,North Carolina,F,Right foot bitten,N
7/7/2013,2013,SPAIN,Catalonia,M,"Scrape to right forearm. Frennet says inflicted by a blue shark, but authorities question shark involvement",N
7/2/2013,2013,AUSTRALIA,Victoria,M,"No injury, holes in wetsuit ",N
6/30/2013,2013,TAIWAN,Taitung ,M,Right thigh bitten,N
6/27/2013,2013,JAMAICA,Kingston Parish,M,Probable drowning with post-mortem bites,Y
6/25/2013,2013,USA,California,M,"No injury, kayak scratched",N
6/25/2013,2013,USA,Florida,M,Lacerations to left foot,N
6/25/2013,2013,USA,South Carolina,M,"Bitten on lower right leg, reported as a minor injury",N
6/18/2013,2013,USA,Hawaii,M,Right thigh & calf bitten,N
6/17/2013,2013,USA,Texas,M,Left leg & hand bitten,N
6/16/2013,2013,SOUTH AFRICA,Eastern Cape Province,M,Lacerations to knee,N
6/15/2013,2013,USA,Florida,F,Lacerations to left ankle,N
6/14/2013,2013,USA,South Carolina,F,Puncture marks to hand,N
6/6/2013,2013,USA,Florida,M,Left hand bitten as he attempted to remove hook from shark PROVOKED INCIDENT,N
6/6/2013,2013,AUSTRALIA,New South Wales,M,"No injury, board damaged",N
5/27/2013,2013,USA,Hawaii,M,Lacerations to right hand,N
5/27/2013,2013,USA,Florida,M,Right foot bitten,N
5/23/2013,2013,BRAZIL,Pernambuco,M,FATAL,Y
5/23/2013,2013,PALESTINIAN TERRITORIES,,M,Two fingers lost PROVOKED INCIDENT,N
5/14/2014,2013,ECUADOR,Santa Cruz Island,M,Superficial injury to left calf,N
5/8/2013,2013,USA,California,M,Shark bites were post-mortem,Y
5/8/2013,2013,REUNION,Saint-Gilles,M,FATAL,Y
5/4/2013,2013,USA,Florida,M,Lacerations to left foot and ankle,N
4/28/2013,2013,AUSTRALIA,New South Wales,M,Foot bitten by landed shark PROVOKED INCIDENT,N
4/24/2013,2013,MEXICO,Quintana Roo,F,Avulsion injury  to lower right leg,N
4/21/2013,2013,AUSTRALIA,New South Wales,M,Puncture wounds and lacerations to both legs,N
4/17/2013,2013,USA,Florida,M,Lacerations to right foot,N
4/14/2013,2013,SOUTH AFRICA,Western Cape Province,M,"""Light scratch on hand/wrist area""",N
4/13/2013,2013,USA,Florida,M,Minor lacerations to right hand,N
4/13/2013,2013,GUAM,,M,FATAL,Y
4/10/2013,2013,FRENCH POLYNESIA,Tuamotus,M,"Underside of board, fins and, harness were damaged, and left  hip, thigh and buttock sustained puncture wounds",N
4/4/2013,2013,USA,Florida,M,Lacerations to hand,N
4/2/2013,2013,AUSTRALIA,Western Australia,M,Disappeared. No evidence that he was taken by a shark,Y
4/2/2013,2013,USA,Hawaii,M,Right thigh bitten,N
3/31/2013,2013,AUSTRALIA,New South Wales,M,Never happened; it was a  hoax,N
3/29/2013,2013,SEYCHELLES,,M,Lacerations to left foot,N
3/21/2013,2013,BELIZE,,F,Toe injured,N
3/21/2013,2013,BAHAMAS,Eleuthera,M,Left foot bitten,N
3/16/2013,2013,SOUTH AFRICA,Western Cape Province,M,Lacerations to left calf and heel from hooked shark PROVOKED INCIDENT,N
3/16/2013,2013,SOUTH AFRICA,Western Cape Province,M,"No injury, surfboard bitten",N
3/12/2013,2013,JAMAICA,St. Catherine,M,FATAL,Y
3/10/2013,2013,AUSTRALIA,Western Australia,M,Laceration to left hand,N
3/10/2013,2013,PHILIPPINES,Palawan,M,Minor leg injuries,N
3/3/2013,2013,SOUTH AFRICA,Eastern Cape Province,M,Injuries to arms & hands,N
2/27/2013,2013,NEW ZEALAND,North Island,M,FATAL,Y
2/21/2013,2013,USA,Hawaii,M,Lacerations to right leg,N
2/21/2013,2013,USA,Hawaii,M,"No injury, shark bit rail of foam board",N
2/10/2013,2013,USA,Florida,M,Lacerations to right hand,N
2/9/2013,2013,FRENCH POLYNESIA,Society Islands,M,Lacerations to right arm & thigh,N
2/1/2013,2013,JAMAICA,Kingston Parish,M,Knee bitten,N
1/26/2013,2013,AUSTRALIA,Victoria,M,"No injury to occupants, shark bit propeller",N
1/25/2013,2013,AUSTRALIA,Queensland,M,Lacerations to neck,N
1/21/2013,2013,AUSTRALIA,Queensland,M,"No injury, a 3 m blue shark merely snapped at the man.",N
1/16/2013,2013,USA,Hawaii,M,Left forearm bitten ,N
1/13/2013,2013,NEW ZEALAND,Mercury Islands,M,Minor cut on finger,N
1/5/2013,2013,AUSTRALIA,Western Australia,M,Calf & shin bitten ,N
12/31/2012,2012,USA,Florida,M,Lower leg or ankle bitten,N
12/30/2012,2012,AUSTRALIA,New South Wales,M,"No injury, chunk missing from surfboard",N
12/28/2012,2012,AUSTRALIA,New South Wales,M,Lacerations to thigh and hand,N
12/25/2012,2012,SOUTH AFRICA,Eastern Cape Province,M,FATAL,Y
12/19/2012,2012,AUSTRALIA,Western Australia,M,No injury,N
12/5/2012,2012,USA,Hawaii,M,Lacerations to left foot,N
12/2/2012,2012,AUSTRALIA,New South Wales,M,Minor puncture wounds to knee,N
12/1/2012,2012,NEW ZEALAND,South Island,F,"No injury, shark grabbed hood",N
11/30/2012,2012,USA,Hawaii,M,Lacerations to thigh & lower left leg,N
11/27/2012,2012,AUSTRALIA,Queensland,M,"Injury to ankle caused  by a stingray, not a shark",N
11/22/2012,2012,MEXICO,Sinaloa,M,FATAL,Y
11/19/2012,2012,USA,Florida,M,Minor lacerations to left foot & heel,N
11/4/2012,2012,USA,Hawaii,M,Right lower leg and foot bitten,N
11/4/2012,2012,USA,Hawaii,M,"No injury, surfboard bitten",N
10/30/2012,2012,USA,California,M,Multiple lacerations to torso,N
10/27/2012,2012,USA,Hawaii,F,"Puncture wounds to thigh, defense wounds  to hand",N
10/23/2012,2012,USA,California,M,FATAL,Y
10/19/2012,2012,USA,Florida,F,Left calf bitten,N
10/18/2012,2012,USA,Florida,M,Minor bite to ankle,N
10/18/2012,2012,USA,Hawaii,M,"No injury, board bitten",N
10/16/2012,2012,USA,Florida,M,Laceration to toe,N
10/11/2012,2012,NIGERIA,Delta,F,Laceration to right leg,N
10/10/2012,2012,USA,California,M,"No ijnury to boardrider, shark struck board breaking the mast",N
10/2/2012,2012,AUSTRALIA,Western Australia,M,"No injury, but swim fin bitten & torn",N
9/25/2012,2012,USA,Florida,M,Lacerations to left forearm,N
9/24/2012,2012,USA,Florida,M,Left foot bitten,N
9/16/2012,2012,USA,Florida,M,Foot bitten,N
9/10/2012,2012,TONGA,Vava'u,F,Injuries to thighs & buttocks,N
9/9/2012,2012,USA,Florida,M,Minor injury to elbow,N
9/8/2012,2012,USA,Florida,M,Right foot bitten,N
9/8/2012,2012,USA,Florida,M,Lacerations to right calf,N
9/6/2012,2012,USA,Florida,M,Right calf bitten,N
9/6/2012,2012,USA,Florida,M,Lacerations to foot,N
9/4/2012,2012,USA,Florida,M,Puncture wounds to hand,N
9/2/2012,2012,USA,Florida,F,Puncture wounds to calf and hand,N
9/2/2012,2012,USA,Hawaii,F,Minor laceration to hand  PROVOKED INCIDENT,N
9/2/2012,2012,USA,Florida,F,Puncture wound to left ankle,N
8/31/2012,2012,SCOTLAND,Inner Hebrides,M,"No injury, shoe bitten by hooked and landed shark PROVOKED INCIDENT",N
8/28/2012,2012,AUSTRALIA,Western Australia,M,Lacerations to torso and arm,N
8/26/2012,2012,BRAZIL,Pernambuco,M,FATAL,Y
8/15/2012,2012,USA,Alabama,M,Lacerations to leg,N
8/11/2012,2012,AUSTRALIA,Western Australia,,"No injury, shark grabbed outboard motor",N
8/8/2012,2012,USA,Florida,M,Lacerations to little finger of left hand,N
8/6/2012,2012,REUNION,Saint Leu,M,Right hand and foot severed,N
8/4/2012,2012,FRENCH POLYNESIA,Tuamotus,M,Shoulder bitten,N
7/31/2012,2012,USA,California,M,"No injury, surfer knocked off board when shark struck surfboard",N
7/31/2012,2012,AUSTRALIA,South Australia,M,Lacerations to torso & arm,N
7/30/2012,2012,USA,Hawaii,M,Left foot bitten,N
7/30/2012,2012,USA,Massachusetts,M,Lacerations to both legs below the knees,N
7/24/2012,2012,USA,North Carolina,M,Shark involvement unconfirmed,N
7/23/2012,2012,REUNION,Trois-Bassins,M,FATAL,Y
7/21/2012,2012,TRINIDAD & TOBAGO,Trinidad,M,Probable drowning with post-mortem bite,Y
7/19/2012,2012,CANADA,British Colombia,F,"Lacerations to 2 fingers, but shark involvement unconfirmed",N
7/14/2012,2012,AUSTRALIA,Western Australia,M,FATAL,Y
7/8/2012,2012,USA,North Carolina,F,Lacerations to right ankle and calf,N
7/7/2012,2012,BAHAMAS,Eleuthera,M,Lacerations to right leg,N
7/7/2012,2012,AUSTRALIA,Victoria,F,Cause of death was drowning & preceded shark involvement,Y
7/7/2012,2012,USA,California,M,"No injury, kayak bitten",N
7/6/2012,2012,SOUTH AFRICA,Western Cape Province,M,Lacerattions to left thigh & knee,N
6/28/2012,2012,CROATIA,,M,"Leg struck. Initally reported as a shark attack, but involved a swordfish",N
6/26/2012,2012,USA,Florida,M,Thigh bitten,N
6/26/2012,2012,USA,Florida,M,Nip to left foot,N
6/26/2012,2012,USA,Hawaii,F,Laceration to left calf,N
6/22/2012,2012,AUSTRALIA,Tasmania,M,"Knocked off board, shark bit nose off surfboard",N
6/22/2012,2012,USA,Florida,M,Minor injury,N
6/20/2012,2012,AUSTRALIA,Western Australia,M,"No injury, ski severely damaged",N
6/19/2012,2012,USA,South Carolina,M,"Laceration to foot. Injured by a stingray, not a shark",N
6/18/2012,2012,USA,North Carolina,F,Numerous puncture wounds to leg ,N
6/15/2012,2012,USA,Florida,M,Superficial injury to calf by hooked shark PROVOKED ACCIDENT,N
6/14/2012,2012,USA,South Carolina,F,Foot & hand bitten,N
6/14/2012,2012,USA,South Carolina,M,Minor injury,N
6/14/2012,2012,USA,South Carolina,M,Calf bitten,N
6/14/2012,2012,USA,South Carolina,M,Laceration to right foot,N
6/12/2012,2012,AUSTRALIA,Victoria,M,Laceration to right foot,N
6/10/2012,2012,ITALY,Sardinia,M,Lower left leg injured PROVOKED ACCIDENT,N
6/3/2012,2012,AUSTRALIA,New South Wales,M,"No injury, ski bitten",N
6/2/2012,2012,USA,Florida,F,Laceration to thigh,N
6/2/2012,2012,USA,South Carolina,M,Severe laceration to foot,N
5/31/2012,2012,USA,North Carolina,F,Foot bitten,N
5/29/2012,2012,MEXICO,Guerrero,M,Left hand severed,N
5/23/2012,2012,USA,Florida,M,Lacerations to foot,N
5/20/2012,2012,USA,Hawaii,M,"No injury, teethmarks in kayak",N
5/16/2012,2012,FIJI,,M,Lacerations to head,N
5/12/2012,2012,USA,California,M,"No injury, kayaker fell in the water when kayak bitten by a shark",N
5/9/2012,2012,USA,Florida,F,Upper left thigh bitten,N
5/6/2012,2012,USA,California,F,"No injury, shark bit paddleboard",N
4/19/2012,2012,USA,Florida,M,Lacerations to hand,N
4/19/2012,2012,SOUTH AFRICA,Western Cape Province,M,FATAL,Y
4/11/2012,2012,AUSTRALIA,South Australia,M,Minor wound to his thigh when shark bit kayak,N
4/3/2012,2012,USA,Hawaii,M,Lacerations to left foot,N
4/1/2013,2012,USA,Florida,M,Right shin bitten,N
3/31/2012,2012,AUSTRALIA,Western Australia,M,FATAL,Y
3/24/2012,2012,USA,Florida,M,Minor lacerations to foot,N
3/22/2012,2012,AUSTRALIA,Western Australia,M,"No injury to occupants. Shark bit propelle, rope & crayfish float",N
3/20/2012,2012,AUSTRALIA,Queensland,M,Lacerations to left calf,N
3/15/2012,2012,USA,Florida,M,Left forearm bitten,N
3/14/2012,2012,USA,Florida,F,Bitten on ankle,N
3/14/2012,2012,USA,Florida,M,Bitten on calf,N
3/6/2012,2012,NEW ZEALAND,North Island,M,Lacerations to left calf,N
3/6/2012,2012,AUSTRALIA,Victoria,F,Superficial lacerations to right side of face PROVOKED ACCIDENT,N
3/5/2012,2012,REUNION,Saint-Benoit,M,"No injury, board bitten",N
3/4/2012,2012,USA,Florida,M,Lacerations to left calf,N
3/3/2012,2012,SAUDI ARABIA,Tabuk Province,M,Harassed by sharks but not injured by them,N
3/1/2012,2012,CHILE,Antofagasta Province,M,Hand injured PROVOKED INCIDENT,N
2/26/2012,2012,USA,Florida,M,Laceration to right foot when he struck a shark PROVOKED INCIDENT,N
2/25/2012,2012,AUSTRALIA,New South Wales,M,Laceration to left foot,N
2/20/2012,2012,SOUTH AFRICA,Western Cape Province,M,"No injury to occupants, boat damaged",N
2/6/2012,2012,AUSTRALIA,Queensland,M,"No injury, but fin lost from surfboard",N
1/27/2012,2012,USA,Hawaii,M,"No injury, shark bit swim fin",N
1/19/2012,2012,AUSTRALIA,Western Australia,M,Lacerations to right forearm,N
1/22/2012,2012,BAHAMAS,,M,"No injury, shark grabbed his camera",N
1/18/2012,2012,TAIWAN,Taitung ,M,Bitten on left thigh     PROVOKED ACCIDENT,N
1/18/2012,2012,AUSTRALIA,New South Wales,M,Lacerations to thigh,N
1/15/2012,2012,SOUTH AFRICA,Eastern Cape Province,M,FATAL,Y
1/13/2012,2012,USA,Oregon,M,"No injury, surfboard damaged",N
1/3/2012,2012,AUSTRALIA,New South Wales,M,Right forearm and wrist injured,N
1/2/2012,2012,AUSTRALIA,Queensland,M,"No injury, punctures to swim fin",N
12/31/2011,2011,USA,Florida,M,Hand injured,N
12/26/2011,2011,ANTIGUA,St John's,M,Bitten on right hand & wrist,N
12/25/2011,2011,ECUADOR,Santa Elena,M,Lacerations to left thigh and calf,N
12/23/2011,2011,USA,Florida,M,Laceration to ankle,N
12/21/2011,2011,USA,Hawaii,M,"No injury, after kayak collided with the shark, it bit the rudder  PROVOKED INCIDENT",N
12/21/2011,2011,SOUTH AFRICA,Eastern Cape Province,M,No injury but kayak dented,N
12/11/2011,2011,AUSTRALIA,New South Wales,M,5 puncture wounds to thigh,N
12/7/2011,2011,SOUTH AFRICA,KwaZulu-Natal,M,"No injury, ski damaged",N
12/7/2011,2011,AUSTRALIA,New South Wales,M,Minor injuries to left leg ,N
12/6/2011,2011,USA,Oregon,F,Minor injury to calf ,N
12/5/2011,2011,AUSTRALIA,Queensland,M,Killed by a shark or crocodile.,Y
12/2/2011,2011,AUSTRALIA,New South Wales,M,Torn shoulder ligament as result of collision with shark,N
11/29/2011,2011,INDONESIA,Bali,M,Lacerations to right hand,N
11/28/2011,2011,AUSTRALIA,Queensland,M,Puncture marks to foot,N
11/22/2011,2011,USA,California,M,"No injury, kayak bitten",N
11/20/2011,2011,PAPUA NEW GUINEA,East New Britain,M,"No injury, shark collided with diver",N
11/12/2011,2011,BRAZIL,Pernambuco,M,Legs bitten,N
11/11/2011,2011,REUNION,Bois-Blanc ,M,Left foot bitten,N
10/29/2011,2011,USA,California,M,"Lacerations to right wrist, foream & neck",N
10/28/2011,2011,SCOTLAND,Moray,M,"No injury, shark bumped leg & board. ",N
10/29/2011,2011,SOUTH AFRICA,KwaZulu-Natal,F,Arm bitten by captive shark PROVOKED INCIDENT,N
10/22/2011,2011,AUSTRALIA,Western Australia,M,FATAL,Y
10/20/2011,2011,USA,Oregon,M,"No injury, shark bit surfboard",N
10/19/2011,2011,AUSTRALIA,Victoria,M,Small bruise to calf,N
10/11/2011,2011,USA,Florida,M,Foot bitten,N
10/10/2011,2011,USA,Oregon,M,No injury,N
10/9/2011,2011,AUSTRALIA,Western Australia,M,FATAL,Y
10/5/2011,2011,REUNION,,M,No injury to occupant,N
10/2/2011,2011,USA,Florida,M,Minor injury to thigh,N
10/1/2011,2011,USA,Alabama,M,Lacerations to right wrist and middle finger,N
9/30/2011,2011,USA,Puerto Rico,M,Lacerations to lower right leg ,N
9/28/2011,2011,DOMINICAN REPUBLIC,Samaná Province,M,Severe injuries to left arm PROVOKED INCIDENT,N
9/28/2011,2011,SOUTH AFRICA,Western Cape Province,M,"Right leg severed, left leg lacerated",N
9/24/2011,2011,USA,Florida,M,Laceration to left thigh,N
9/24/2011,2011,USA,South Carolina,M,Laceration to left thigh,N
9/20/2011,2011,USA,Hawaii,M,"No injury, canoe bitten by shark",N
9/19/2011,2011,REUNION,Saint-Gilles,M,FATAL,Y
9/17/2011,2011,KENYA,Coast Province,M,FATAL,Y
9/16/2011,2011,USA,Florida,M,Lacerations to arm,N
9/11/2011,2011,USA,California,M,"No injury, board bitten",N
9/11/2011,2011,PAPUA NEW GUINEA,Central Province,M,Lacerations to right leg,N
9/4/2011,2011,USA,Hawaii,M,"No injury, shark bit surfboard",N
9/4/2011,2011,AUSTRALIA,Western Australia,M,FATAL,Y
9/2/2011,2011,USA,Florida,M,Lacerations to ankle & foot,N
8/31/2011,2011,USA,Florida,M,Lacerations to lower leg,N
8/28/2011,2011,AUSTRALIA,Queensland,M,FATAL,Y
8/28/2011,2011,USA,Texas,F,"Lacerations to anterior left shin, abrasion to posteior right leg",N
8/26/2011,2011,RUSSIA,Primorsky Krai,M,Superficial laceration to shoulder,N
8/24/2011,2011,USA,North Carolina,M,Lacerations to foot,N
8/24/2011,2011,USA,North Carolina,M,Heel bitten,N
8/23/2011,2011,SOUTH AFRICA,Western Cape Province,M,FATAL,Y
8/18/2011,2011,RUSSIA,"Peter the Great Bay, Khasan, Primorsky Krai (Far East)",M,"Lacerations to hip, thigh and knee",N
8/17/2011,2011,USA,North Carolina,F,Lacerations to foot,N
8/17/2011,2011,USA,North Carolina,M,Abrasions to left hand,N
8/17/2011,2011,RUSSIA,"Telyakovsky Bay, Khasan,  Primorsky Krai (Far East)",M,Hands severed,N
8/16/2011,2011,FRENCH POLYNESIA,Society Islands,M,"No injury, board bitten",N
8/16/2011,2011,USA,Puerto Rico,M,Lacerations to  lower right leg and foot,N
8/16/2011,2011,SEYCHELLES,Praslin,M,FATAL,Y
8/15/2011,2011,USA,South Carolina,M,Puncture wounds to foot,N
8/11/2011,2011,USA,North Carolina,M,Lower right leg bitten,N
8/1/2011,2011,SEYCHELLES,Praslin,M,FATAL,Y
7/31/2011,2011,BRAZIL,Pernambuco,M,Cause of death may have been drowning; remains scavenged by sharks,Y
7/30/2011,2011,PHILIPPINES,,M,The two Malabagos were bitten by sharks but survived. The other occupants of the boat  were rescued.,N
7/25/2011,2011,USA,New Jersey,M,"No injury, shark bit boot",N
7/22/2011,2011,SOUTH AFRICA,Eastern Cape Province,M,Upper left arm & right leg bitten,N
7/19/2011,2011,USA,North Carolina,F,Lower right leg & foot bitten,N
7/15/2011,2011,REUNION,Saint-Gilles,M,No injury,N
7/13/2011,2011,USA,Texas,M,Lacerations to left foot,N
7/13/2011,2011,BAHAMAS,Grand Bahama Island,M,Injuries to arm,N
7/7/2011,2011,USA,Texas,M,Foot bitten,N
7/7/2011,2011,USA,Texas,M,Lacerations to right foot,N
7/6/2011,2011,REUNION,Saint-Gilles,M,Minor injuries: scratches on nose & ankle. Board broken in two,N
7/5/2011,2011,COLUMBIA,Sucre,M,"Right arm bitten, defense wounds to left hand",N
6/30/2011,2011,TURKS & CAICOS,Middle Caicos,M,Lacerations to left shoulder and back,N
6/29/2011,2011,BRAZIL,Pernambuco,M,Lacerations to right thigh,N
6/28/2011,2011,SOUTH AFRICA,KwaZulu-Natal,M,Severe lacerations to hands and  left leg,N
6/26/2008,2011,USA,North Carolina,F,Ankle bitten,N
6/24/2011,2011,USA,California,M,Shark leapt onto surfboard; surfer uninjured ,N
6/21/2011,2011,USA,Florida,M,Lacerations to foot and ankle,N
6/19/2011,2011,TURKS & CAICOS,Caicos Bank,M,Right calf bitten,N
6/19/2011,2011,COSTA RICA,Guanacaste,M,FATAL,Y
6/15/2011,2011,REUNION,Saint-Gilles-les-Bains,M,FATAL,Y
6/14/2011,2011,UNITED KINGDOM,Cornwall,M,"No injury, shark slammed into boat",N
6/12/2011,2011,USA,Florida,M,Lacerations to right calf,N
6/6/2011,2011,COLUMBIA,San Andrés archipelago,M,Injuries to right hand and forearm,N
6/6/2011,2011,USA,California,M,"No injury, minor damage to wetsuit",N
6/6/2011,2011,USA,Florida,M,Puncture wound to calf,N
6/1/2011,2011,MALAYSIA,Kedah,F,Laceration to dorsum of right foot,N
5/30/2011,2011,USA,Texas,F,Lacerations & punctures to right thigh ,N
5/29/2011,2011,SOUTH AFRICA,Western Cape Province,M,"No injury, board bumped by shark",N
5/25/2011,2011,USA,Hawaii,F,"No injury, board bitten",N
5/22/2011,2011,USA,Hawaii,F,"No injury, board bitten",N
5/21/2011,2011,SOUTH AFRICA,KwaZulu-Natal,M,"Thigh bitten, FATAL",Y
5/13/2011,2011,USA,Florida,M,Lacerations to left foot & ankle,N
5/21/2011,2011,NEW CALEDONIA,North Province,M,"Thigh bitten, FATAL",Y
5/13/2011,2011,USA,Florida,M,Minor injury; puncture wounds to calf,N
5/10/2011,2011,USA,Florida,M,Laceration to arm by captive shark PROVOKED INCIDENT,N
5/7/2011,2011,UNITED ARAB EMIRATES (UAE),Umm al Qaywayan Province,M,"Erroneously reported on several internet sites as a ""shark attack"", it was the shark 8', 300-kg mako shark that was attacked, not the fisherman",N
5/4/2011,2011,SOUTH AFRICA,KwaZulu-Natal,M,Calf bitten,N
4/26/2011,2011,USA,Florida,M,Calf bitten,N
4/23/2011,2011,AUSTRALIA,Western Australia,M,Heel bitten,N
4/22/2011,2011,USA,Florida,M,Minor puncture wounds,N
4/16/2011,2011,NEW ZEALAND,South Island,M,Puncture to left hand,N
4/13/2011,2011,INDONESIA,Bali,M,Lacerations to forearm,N
4/8/2011,2011,FIJI,Vitu Levu,M,Minor injuries to left leg and hand,N
3/29/2011,2011,USA,Texas,M,Minor laceration to shoulder from captive shark PROVOKED INCIDENT,N
3/24/2011,2011,MEXICO,Quintana Roo,F,Lower leg & foot bitten,N
3/23/2011,2011,AUSTRALIA,New South Wales,M,Severe injury to left forearm,N
3/21/2011,2011,MEXICO,Quintana Roo,M,Right foot bitten,N
3/21/2011,2011,FIJI,,M,"Left forearm severely bitten, surgically amputated",N
3/16/2011,2011,AUSTRALIA,New South Wales,F,"Severe injuries to head, neck, shoulder & upper left arm",N
3/10/2010,2011,EGYPT,South Sinai Peninsula,F,"Apparent drowning, and subsequent scavenging by 16' tiger shark",N
3/10/2011,2011,AUSTRALIA,New South Wales,M,"No injury, surboard broken",N
2/28/2011,2011,AUSTRALIA,Queensland,M,Lacerations to right hand by hooked shark PROVOKED INCIDENT,N
2/23/2011,2011,NEW CALEDONIA, Loyalty Islands,M,Lacerations to left forearm,N
2/18/2011,2011,REUNION,Saint Gilles ,M,Left leg severed at the knee,N
2/17/2011,2011,AUSTRALIA,South Australia,M,FATAL,Y
2/13/2011,2011,AUSTRALIA,Queensland,M,Lacerations to calf by hooked shark PROVOKED INCIDENT,N
2/12/2011,2011,AUSTRALIA,Western Australia,M,Arm bitten,N
2/4/2011,2011,MEXICO,Colima,M,Left foot bitten PROVOKED INCIDENT,N
2/2/2011,2011,SOUTH AFRICA,Eastern Cape Province,M,Right leg bitten,N
1/31/2011,2011,MEXICO,Quintana Roo,F,"Leg, forearm & hand severely bitten",N
1/28/2011,2011,MEXICO,Colima,M,Left eg bitten PROVOKED INCIDENT,N
1/26/2011,2011,BAHAMAS,West End,M,Arm bitten ,N
1/20/2011,2011,AUSTRALIA,New South Wales,F,Lacerations to both legs,N
1/15/2011,2011,SOUTH AFRICA,Eastern Cape Province,M,FATAL,Y
1/12/2011,2011,MEXICO,Quintana Roo,M,Bitten on leg and groin,N
1/3/2011,2011,AUSTRALIA,Western Australia,M,"No injury, shark nudged boat and bit propeller",N
12/26/2010,2010,USA,Hawaii,M,"Lacerations to his lower left leg, calf, foot & ankle",N
12/17/2010,2010,FIJI,Vitu Levu,M,Lacerations to  foot,N
12/11/2010,2010,USA,Hawaii,M,Lacerations to right foot,N
12/5/2010,2010,EGYPT,South Sinai Peninsula,F,FATAL,Y
12/3/2010,2010,INDONESIA,Bali,M,Lacerations to right hand,N
12/1/2010,2010,EGYPT,South Sinai Peninsula,M,Both arms severely bitten,N
12/1/2010,2010,EGYPT,South Sinai Peninsula,M,Lacerations to right leg,N
11/30/2010,2010,EGYPT,South Sinai Peninsula,F,"Foot severed, Right forearm severed, lacerations to left hand (defense wounds)",N
11/30/2010,2010,EGYPT,South Sinai Peninsula,F,Foot and arm bitten,N
11/27/2010,2010,SAMOA,,M,Serious wounds to chest,N
11/27/2010,2010,AUSTRALIA,Western Australia,M,Death may have been due to drowning,Y
11/19/2010,2010,USA,Palmyra Atoll,M,Head bitten by netted shark PROVOKED INCIDENT,N
11/15/2010,2010,DOMINICAN REPUBLIC,,M,FATAL,Y
11/14/2010,2010,INDONESIA,Bali,M,Hand bitten ,N
11/12/2010,2010,AUSTRALIA,Western Australia,M,No injury to occupant. Shark rammed bottom of the boat,N
10/30/2010,2010,AUSTRALIA,Western Australia,F,Torso and left buttock bitten,N
10/28/2010,2010,AUSTRALIA,Western Australia,M,"No injury, shark head-butted diver's thigh",N
10/28/2010,2010,USA,Oregon,M,No injury to surfer,N
10/25/2010,2010,AZORES,,M,PROVOKED INCIDENT?  ,N
10/23/2010,2010,USA,Maine,M,"No injury to diver, shark bit his video camera",N
10/23/2010,2010,AUSTRALIA,Western Australia,M,Lacerations to lower right leg,N
10/22/2010,2010,USA,California,M,FATAL,Y
10/20/2010,2010,EGYPT,South Sinai Peninsula,F,Multiple lacerations to left leg and foot,N
10/9/2010,2010,AUSTRALIA,New South Wales,M,Foot bitten,N
10/2/2010,2010,BAHAMAS,Exuma Islands,M,Calf bitten,N
10/2/2010,2010,BAHAMAS,Abaco Islands,F,Bitten between left ankle & knee,N
10/1/2010,2010,SOUTH AFRICA,Western Cape Province,M,3 lacerations to foot,N
9/27/2010,2010,USA,Oregon,M,"No injury, surfboard rammed",N
9/24/2010,2010,USA,Virginia,M,Bite to left ankle and knee,N
9/21/2010,2010,SOUTH AFRICA,Western Cape Province,M,FATAL,Y
9/13/2010,2010,AUSTRALIA,New South Wales,M,Lacerations and puncture wounds to leg and foot,N
9/7/2010,2010,USA,Florida,M,Lacerations to left wrist,N
9/6/2010,2010,TONGA,Ha'api ,M,Puncture wounds to right foot,N
9/4/2010,2010,USA,Florida,M,"No injury, shark charged surfboard",N
9/3/2010,2010,USA,Florida,M,Lacerations to right  hand ,N
9/3/2010,2010,USA,Florida,M,Left thigh bitten,N
9/2/2010,2010,SOLOMON ISLANDS,Western Province,M,Lacerations to face and neck,N
8/29/2010,2010,BAHAMAS,Exuma Islands,M,"His partial remains were recovered from a 12' tiger shark on September 5, 2010. Cause of death was thought to be drowning",Y
8/18/2010,2010,USA,Florida,M,Minor injuries to foot,N
8/17/2010,2010,AUSTRALIA,Western Australia,M,FATAL,Y
8/14/2010,2010,USA,California,M,"No injury, kayak bitten",N
8/10/2010,2010,AUSTRALIA,Queensland,F,Leg bitten by hooked shark PROVOKED INCIDENT,N
8/10/2010,2010,SOUTH KOREA,Jeju Province,F,Lacerations to left lower leg,N
8/8/2010,2010,AUSTRALIA,New South Wales,M,Left foot bitten,N
8/7/2010,2010,USA,North Carolina,M,Left foot bitten,N
8/7/2010,2010,MALTA,,M,"No injury, sail bitten",N
8/5/2010,2010,USA,Florida,F,Minor abrasions to legs when she was lifted on the back of a large marine animal,N
8/2/2010,2010,USA,California,M,"No injury, kayak bitten",N
8/2/2010,2010,USA,Florida,F,Lacerations to forearm,N
7/25/2010,2010,USA,South Carolina,M,Lacerations to right lower leg,N
7/23/2010,2010,USA,Florida,M,Left foot bitten,N
7/19/2010,2010,USA,South Carolina,M,Minor lacerations to left calf,N
7/17/2010,2010,USA,North Carolina,F,Lacerations to right forearm,N
7/17/2010,2010,USA,Florida,M,Minor lacerations to right foot,N
7/16/2010,2010,SPAIN,Grand Canary Island,M,Lacerations to left foot when he stepped on the shark PROVOKED INCIDENT,N
7/16/2010,2010,USA,Texas,M,Leg bitten,N
7/11/2010,2010,USA,Florida,M,Small laceration to forearm from netted shark  PROVOKED INCIDENT,N
7/4/2010,2010,SOUTH AFRICA,KwaZulu-Natal,F,Left leg bitten,N
7/3/2010,2010,USA,New York,M,Laceration to right bicep by hooked shark PROVOKED INCIDENT,N
7/2/2010,2010,USA,California,M,Laceration to left foot,N
7/2/2010,2010,USA,California,M,"No injury, board bumped by shark",N
6/27/2010,2010,USA,Texas,M,Lacerations to right foot,N
6/25/2010,2010,USA,South Carolina,F,Laceration to leg,N
6/25/2010,2010,USA,North Carolina,F,Laceration to left foot,N
6/15/2010,2010,VIETNAM,Binh Dinh Province,M,Laceration to left foot,N
6/10/2010,2010,USA,Florida,F,Lacerations to left calf and foot,N
6/6/2010,2010,AUSTRALIA,Western Australia,M,Severe laceration to right knee,N
6/1/2010,2010,USA,Florida,M,Lacerations to left foot,N
5/30/2010,2010,USA,Florida,M,Laceration to left calf by hooked shark PROVOKED INCIDENT,N
5/18/2010,2010,VIETNAM,Binh Dinh Province,F,Minor laceration to leg,N
5/18/2010,2010,VIETNAM,Binh Dinh Province,F,Severe lacerations to left foot,N
5/18/2010,2010,AUSTRALIA,New South Wales,M,Superficial lacerations to lower left leg,N
5/3/2010,2010,MADAGASCAR,Antsiranana Province,M,Lacerations to arm & chest,N
5/1/2010,2010,USA,Florida,F,Minor puncture wounds to right ankle,N
4/28/2010,2010,USA,Florida,M,Arm bitten PROVOKED INCIDENT ,N
4/19/2010,2010,USA,Hawaii,M,"No injury, surfboard bitten",N
4/13/2010,2010,SOUTH AFRICA,Eastern Cape Province,M,Both feet bitten,N
4/4/2010,2010,EGYPT,Sinai Peninsula,M,Lacerations to left ankle and foot,N
3/27/2010,2010,REUNION,Saint-Benoit,M,"No injury, board bitten",N
2/19/2010,2010,NEW ZEALAND,South Island,M,Bruised but otherwise unhurt,N
2/16/2010,2010,SOUTH AFRICA,Eastern Cape Province,M,Lacerations to right leg,N
2/15/2010,2010,FIJI,Off Vanua Levu,M,FATAL,Y
2/13/2010,2010,AUSTRALIA,Queensland,F,Lacerations to legs & buttocks,N
2/11/2010,2010,AUSTRALIA,New South Wales,M,"Minor injury, lacerations to left lower leg",N
2/6/2010,2010,NEW ZEALAND,South Island,M,"No injury, shark bit his speargun after he used it to prod the shark PROVOKED INCIDENT",N
2/6/2010,2010,AUSTRALIA,New South Wales,M,"No injury, shark & board collided",N
2/6/2010,2010,USA,Florida,M,Leg bitten while trying to free a hooked shark PROVOKED INCIDENT,N
2/4/2010,2010,GUAM,Merizo,M,Shark bites were post-mortem,Y
2/3/2010,2010,USA,Florida,M,FATAL,Y
2/1/2010,2010,NEW ZEALAND,South Island,F,Stepped on shark PROVOKED INCIDENT,N
1/31/2010,2010,BRAZIL,Rio Grande Do Sul,M,Foot bitten,N
1/27/2010,2010,AUSTRALIA,Queensland,M,"No injury, surfboard bitten",N
1/22/2010,2010,UNITED ARAB EMIRATES (UAE),Dubai,M,Laceration to bottom of foot,N
1/22/2010,2010,AUSTRALIA,Victoria,M,Lacerations to right hand ,N
1/12/2010,2010,SOUTH AFRICA,Western Province,M,FATAL,Y
1/9/2010,2010,AUSTRALIA,Torres Strait,F,2 sets of minor lacerations below her right knee,N
1/9/2010,2010,VIETNAM,Binh Dinh Province,F,Minor injuries,N
1/9/2010,2010,VIETNAM,Binh Dinh Province,M,Right wrist bitten,N
1/9/2010,2010,VIETNAM,Binh Dinh Province,M,Left arm bitten twice,N
1/6/2010,2010,USA,Florida,M,Lacerations to  arm,N
1/5/2010,2010,SOUTH AFRICA,Eastern Province,M,"No injury, reportedly knocked of his board by a shark",N
